{"cameraMode":{"drawMode":0,"name":"Shaded","section":"Shading Mode"},"sceneLighting":true,"audioPlay":false,"sceneViewState":{"showFog":true,"showMaterialUpdate":false,"showSkybox":true,"showFlares":true,"showImageEffects":true,"showParticleSystems":true},"in2DMode":false,"pivot":{"x":27.56332015991211,"y":-21.862810134887697,"z":-75.36963653564453},"rotation":{"x":-0.20864485204219819,"y":0.7101067304611206,"z":-0.2351718246936798,"w":-0.6300078630447388},"size":167.722412109375,"orthographic":false}