{"cameraMode":{"drawMode":0,"name":"Shaded","section":"Shading Mode"},"sceneLighting":true,"audioPlay":false,"sceneViewState":{"showFog":true,"showMaterialUpdate":false,"showSkybox":true,"showFlares":true,"showImageEffects":true,"showParticleSystems":true},"in2DMode":false,"pivot":{"x":71.0421142578125,"y":6.393988609313965,"z":-155.07843017578126},"rotation":{"x":-0.1295120120048523,"y":0.6919139623641968,"z":-0.12827442586421967,"w":-0.6985895037651062},"size":36.32809066772461,"orthographic":false}