{"cameraMode":{"drawMode":0,"name":"Shaded","section":"Shading Mode"},"sceneLighting":true,"audioPlay":false,"sceneViewState":{"showFog":true,"showMaterialUpdate":false,"showSkybox":true,"showFlares":true,"showImageEffects":true,"showParticleSystems":true},"in2DMode":false,"pivot":{"x":43.16886901855469,"y":-32.90997314453125,"z":-124.9853744506836},"rotation":{"x":-0.2620096504688263,"y":0.6438509225845337,"z":-0.250326007604599,"w":-0.6739020943641663},"size":90.66824340820313,"orthographic":false}