{"cameraMode":{"drawMode":0,"name":"Shaded","section":"Shading Mode"},"sceneLighting":false,"audioPlay":false,"sceneViewState":{"showFog":true,"showMaterialUpdate":false,"showSkybox":false,"showFlares":true,"showImageEffects":true,"showParticleSystems":true},"in2DMode":false,"pivot":{"x":396.87762451171877,"y":16.407377243041993,"z":400.1628112792969},"rotation":{"x":-0.2384721040725708,"y":0.6790909171104431,"z":-0.25005194544792178,"w":-0.6476424932479858},"size":22.0,"orthographic":false}