{"cameraMode":{"drawMode":0,"name":"Shaded","section":"Shading Mode"},"sceneLighting":true,"audioPlay":false,"sceneViewState":{"showFog":true,"showMaterialUpdate":false,"showSkybox":true,"showFlares":true,"showImageEffects":true,"showParticleSystems":true},"in2DMode":false,"pivot":{"x":74.04452514648438,"y":37.44642639160156,"z":41.05598449707031},"rotation":{"x":-0.07367823272943497,"y":0.7092798352241516,"z":-0.07497134059667587,"w":-0.6970457434654236},"size":68.488037109375,"orthographic":false}