{"cameraMode":{"drawMode":0,"name":"Shaded","section":"Shading Mode"},"sceneLighting":true,"audioPlay":false,"sceneViewState":{"showFog":true,"showMaterialUpdate":false,"showSkybox":true,"showFlares":true,"showImageEffects":true,"showParticleSystems":true},"in2DMode":false,"pivot":{"x":0.2115369737148285,"y":1.8271255493164063,"z":-2.8474292755126955},"rotation":{"x":-0.16097313165664674,"y":0.8171851634979248,"z":-0.2733571231365204,"w":-0.4812198877334595},"size":16.772871017456056,"orthographic":false}