{"cameraMode":{"drawMode":0,"name":"Shaded","section":"Shading Mode"},"sceneLighting":true,"audioPlay":false,"sceneViewState":{"showFog":true,"showMaterialUpdate":false,"showSkybox":true,"showFlares":true,"showImageEffects":true,"showParticleSystems":true},"in2DMode":false,"pivot":{"x":-16.742876052856447,"y":13.671684265136719,"z":-6.0762786865234379},"rotation":{"x":0.05373237654566765,"y":0.545059323310852,"z":0.03503807261586189,"w":-0.8359473943710327},"size":48.22488021850586,"orthographic":false}