{"cameraMode":{"drawMode":0,"name":"Shaded","section":"Shading Mode"},"sceneLighting":true,"audioPlay":false,"sceneViewState":{"showFog":true,"showMaterialUpdate":false,"showSkybox":true,"showFlares":true,"showImageEffects":true,"showParticleSystems":true},"in2DMode":false,"pivot":{"x":75.9483413696289,"y":9.197770118713379,"z":10.876312255859375},"rotation":{"x":-0.050794169306755069,"y":0.7092673182487488,"z":-0.05137620121240616,"w":-0.7012284398078919},"size":21.088008880615236,"orthographic":false}