{"cameraMode":{"drawMode":0,"name":"Shaded","section":"Shading Mode"},"sceneLighting":true,"audioPlay":false,"sceneViewState":{"showFog":true,"showMaterialUpdate":false,"showSkybox":true,"showFlares":true,"showImageEffects":true,"showParticleSystems":true},"in2DMode":false,"pivot":{"x":2.3701119422912599,"y":3.7691519260406496,"z":-10.883275032043457},"rotation":{"x":-0.08165270835161209,"y":0.6514744758605957,"z":-0.0708378478884697,"w":-0.7509326934814453},"size":3.3132169246673586,"orthographic":false}