{"cameraMode":{"drawMode":0,"name":"Shaded","section":"Shading Mode"},"sceneLighting":true,"audioPlay":false,"sceneViewState":{"showFog":true,"showMaterialUpdate":true,"showSkybox":true,"showFlares":true,"showImageEffects":true,"showParticleSystems":true},"in2DMode":false,"pivot":{"x":2.7240681648254396,"y":4.968978404998779,"z":-10.795111656188965},"rotation":{"x":0.054951075464487079,"y":-0.887336790561676,"z":0.10969626158475876,"w":0.4445008933544159},"size":2.684476137161255,"orthographic":false}