{"cameraMode":{"drawMode":0,"name":"Shaded","section":"Shading Mode"},"sceneLighting":true,"audioPlay":false,"sceneViewState":{"showFog":true,"showMaterialUpdate":false,"showSkybox":true,"showFlares":true,"showImageEffects":true,"showParticleSystems":true},"in2DMode":false,"pivot":{"x":-3.687546730041504,"y":4.791289329528809,"z":-5.403337478637695},"rotation":{"x":-0.09691576659679413,"y":0.8905672430992127,"z":-0.22532257437705995,"w":-0.38305163383483889},"size":37.10779571533203,"orthographic":false}