{"cameraMode":{"drawMode":0,"name":"Shaded","section":"Shading Mode"},"sceneLighting":true,"audioPlay":false,"sceneViewState":{"showFog":true,"showMaterialUpdate":false,"showSkybox":true,"showFlares":true,"showImageEffects":true,"showParticleSystems":true},"in2DMode":false,"pivot":{"x":-251.62933349609376,"y":69.72236633300781,"z":484.57940673828127},"rotation":{"x":0.027364471927285196,"y":0.3874953091144562,"z":0.011507879011332989,"w":-0.9213961362838745},"size":724.4663696289063,"orthographic":false}