{"cameraMode":{"drawMode":0,"name":"Shaded","section":"Shading Mode"},"sceneLighting":true,"audioPlay":false,"sceneViewState":{"showFog":true,"showMaterialUpdate":false,"showSkybox":true,"showFlares":true,"showImageEffects":true,"showParticleSystems":true},"in2DMode":false,"pivot":{"x":77.8005599975586,"y":7.358942031860352,"z":14.78525161743164},"rotation":{"x":0.004529885016381741,"y":0.8531837463378906,"z":0.007416171953082085,"w":-0.5215640664100647},"size":14.085844993591309,"orthographic":false}