{"cameraMode":{"drawMode":0,"name":"Shaded","section":"Shading Mode"},"sceneLighting":true,"audioPlay":false,"sceneViewState":{"showFog":true,"showMaterialUpdate":false,"showSkybox":true,"showFlares":true,"showImageEffects":true,"showParticleSystems":true},"in2DMode":false,"pivot":{"x":80.78271484375,"y":-2.8989994525909426,"z":-127.8320083618164},"rotation":{"x":-0.3556901216506958,"y":0.598041832447052,"z":-0.33476290106773379,"w":-0.6354285478591919},"size":27.380205154418947,"orthographic":false}