{"cameraMode":{"drawMode":0,"name":"Shaded","section":"Shading Mode"},"sceneLighting":true,"audioPlay":false,"sceneViewState":{"showFog":true,"showMaterialUpdate":false,"showSkybox":true,"showFlares":true,"showImageEffects":true,"showParticleSystems":true},"in2DMode":false,"pivot":{"x":58.454078674316409,"y":8.99106502532959,"z":-187.21536254882813},"rotation":{"x":-0.31473928689956667,"y":0.6503826379776001,"z":-0.34009361267089846,"w":-0.6018968224525452},"size":207.9971923828125,"orthographic":false}