{"cameraMode":{"drawMode":0,"name":"Shaded","section":"Shading Mode"},"sceneLighting":true,"audioPlay":false,"sceneViewState":{"showFog":true,"showMaterialUpdate":false,"showSkybox":true,"showFlares":true,"showImageEffects":true,"showParticleSystems":true},"in2DMode":false,"pivot":{"x":32.015220642089847,"y":28.679519653320314,"z":-17.70832061767578},"rotation":{"x":-0.01495063304901123,"y":0.8544102907180786,"z":-0.024622002616524698,"w":-0.518800675868988},"size":134.63088989257813,"orthographic":false}