{"cameraMode":{"drawMode":0,"name":"Shaded","section":"Shading Mode"},"sceneLighting":true,"audioPlay":false,"sceneViewState":{"showFog":true,"showMaterialUpdate":false,"showSkybox":true,"showFlares":true,"showImageEffects":true,"showParticleSystems":true},"in2DMode":false,"pivot":{"x":76.36486053466797,"y":0.38314002752304079,"z":-267.50201416015627},"rotation":{"x":0.03292500600218773,"y":-0.7182891368865967,"z":0.03407071530818939,"w":0.6941333413124085},"size":18.880674362182618,"orthographic":false}