{"cameraMode":{"drawMode":0,"name":"Shaded","section":"Shading Mode"},"sceneLighting":true,"audioPlay":false,"sceneViewState":{"showFog":true,"showMaterialUpdate":false,"showSkybox":true,"showFlares":true,"showImageEffects":true,"showParticleSystems":true},"in2DMode":false,"pivot":{"x":-8.67161750793457,"y":-15.419090270996094,"z":16.216609954833986},"rotation":{"x":0.07540080696344376,"y":-0.7329816222190857,"z":0.08236318826675415,"w":0.6710238456726074},"size":105.30061340332031,"orthographic":false}