{"cameraMode":{"drawMode":0,"name":"Shaded","section":"Shading Mode"},"sceneLighting":true,"audioPlay":false,"sceneViewState":{"showFog":true,"showMaterialUpdate":false,"showSkybox":true,"showFlares":true,"showImageEffects":true,"showParticleSystems":true},"in2DMode":false,"pivot":{"x":81.13359832763672,"y":-65.17588806152344,"z":36.691898345947269},"rotation":{"x":-0.46271225810050967,"y":0.5316537022590637,"z":-0.5518109798431397,"w":-0.44581058621406557},"size":54.93709945678711,"orthographic":true}