{"cameraMode":{"drawMode":0,"name":"Shaded","section":"Shading Mode"},"sceneLighting":true,"audioPlay":false,"sceneViewState":{"showFog":true,"showMaterialUpdate":false,"showSkybox":true,"showFlares":true,"showImageEffects":true,"showParticleSystems":true},"in2DMode":false,"pivot":{"x":77.69054412841797,"y":11.58440113067627,"z":-236.24349975585938},"rotation":{"x":-0.33985504508018496,"y":0.608308732509613,"z":-0.3227555453777313,"w":-0.6405375003814697},"size":56.9915885925293,"orthographic":true}