{"cameraMode":{"drawMode":0,"name":"Shaded","section":"Shading Mode"},"sceneLighting":true,"audioPlay":false,"sceneViewState":{"showFog":true,"showMaterialUpdate":false,"showSkybox":true,"showFlares":true,"showImageEffects":true,"showParticleSystems":true},"in2DMode":false,"pivot":{"x":56.430755615234378,"y":-3.3586063385009767,"z":-234.2654266357422},"rotation":{"x":-0.1518705040216446,"y":0.6245144009590149,"z":-0.12549659609794618,"w":-0.7557588219642639},"size":42.73152542114258,"orthographic":true}