{"cameraMode":{"drawMode":0,"name":"Shaded","section":"Shading Mode"},"sceneLighting":true,"audioPlay":false,"sceneViewState":{"showFog":true,"showMaterialUpdate":false,"showSkybox":true,"showFlares":true,"showImageEffects":true,"showParticleSystems":true},"in2DMode":false,"pivot":{"x":54.830230712890628,"y":-15.661808013916016,"z":-269.4757080078125},"rotation":{"x":-0.1518705040216446,"y":0.6245144009590149,"z":-0.12549659609794618,"w":-0.7557588219642639},"size":28.821077346801759,"orthographic":true}