{"cameraMode":{"drawMode":0,"name":"Shaded","section":"Shading Mode"},"sceneLighting":true,"audioPlay":false,"sceneViewState":{"showFog":true,"showMaterialUpdate":false,"showSkybox":true,"showFlares":true,"showImageEffects":true,"showParticleSystems":true},"in2DMode":false,"pivot":{"x":98.82015991210938,"y":36.29216766357422,"z":-211.728515625},"rotation":{"x":-0.2531069219112396,"y":0.6583892107009888,"z":-0.2514415383338928,"w":-0.662750244140625},"size":80.75108337402344,"orthographic":true}