{"cameraMode":{"drawMode":0,"name":"Shaded","section":"Shading Mode"},"sceneLighting":true,"audioPlay":false,"sceneViewState":{"showFog":true,"showMaterialUpdate":false,"showSkybox":true,"showFlares":true,"showImageEffects":true,"showParticleSystems":true},"in2DMode":false,"pivot":{"x":84.72752380371094,"y":5.952953815460205,"z":-139.28834533691407},"rotation":{"x":-0.2531069219112396,"y":0.6583892107009888,"z":-0.2514415383338928,"w":-0.662750244140625},"size":8.5811128616333,"orthographic":false}