{"cameraMode":{"drawMode":0,"name":"Shaded","section":"Shading Mode"},"sceneLighting":true,"audioPlay":false,"sceneViewState":{"showFog":true,"showMaterialUpdate":false,"showSkybox":true,"showFlares":true,"showImageEffects":true,"showParticleSystems":true},"in2DMode":false,"pivot":{"x":87.88883972167969,"y":3.740147590637207,"z":-284.28607177734377},"rotation":{"x":-0.16764816641807557,"y":0.663910448551178,"z":-0.15636767446994782,"w":-0.7118057608604431},"size":7.584749698638916,"orthographic":false}