{"cameraMode":{"drawMode":0,"name":"Shaded","section":"Shading Mode"},"sceneLighting":true,"audioPlay":false,"sceneViewState":{"showFog":true,"showMaterialUpdate":false,"showSkybox":true,"showFlares":true,"showImageEffects":true,"showParticleSystems":true},"in2DMode":false,"pivot":{"x":0.6118292808532715,"y":1.8665945529937745,"z":-14.663175582885743},"rotation":{"x":-0.011332951486110688,"y":0.9857912063598633,"z":-0.07438020408153534,"w":-0.15019765496253968},"size":12.926876068115235,"orthographic":false}