{"cameraMode":{"drawMode":0,"name":"Shaded","section":"Shading Mode"},"sceneLighting":true,"audioPlay":false,"sceneViewState":{"showFog":true,"showMaterialUpdate":false,"showSkybox":true,"showFlares":true,"showImageEffects":true,"showParticleSystems":true},"in2DMode":false,"pivot":{"x":-3.7193007469177248,"y":-11.97747802734375,"z":31.300922393798829},"rotation":{"x":-0.0002627075300551951,"y":0.9991129040718079,"z":0.041677530854940417,"w":0.006294793449342251},"size":34.07125473022461,"orthographic":false}