{"cameraMode":{"drawMode":0,"name":"Shaded","section":"Shading Mode"},"sceneLighting":true,"audioPlay":false,"sceneViewState":{"showFog":true,"showMaterialUpdate":false,"showSkybox":true,"showFlares":true,"showImageEffects":true,"showParticleSystems":true},"in2DMode":false,"pivot":{"x":6.520111083984375,"y":2.459519147872925,"z":-5.649601936340332},"rotation":{"x":0.16504789888858796,"y":-0.08952438086271286,"z":0.015045645646750927,"w":0.9821030497550964},"size":3.9674112796783449,"orthographic":true}