{"cameraMode":{"drawMode":0,"name":"Shaded","section":"Shading Mode"},"sceneLighting":true,"audioPlay":false,"sceneViewState":{"showFog":true,"showMaterialUpdate":false,"showSkybox":true,"showFlares":true,"showImageEffects":true,"showParticleSystems":true},"in2DMode":false,"pivot":{"x":2.308755874633789,"y":4.468113422393799,"z":-7.1416521072387699},"rotation":{"x":-0.002167710103094578,"y":-0.9939774870872498,"z":0.10776866972446442,"w":-0.019989967346191407},"size":12.881887435913086,"orthographic":true}