{"cameraMode":{"drawMode":0,"name":"Shaded","section":"Shading Mode"},"sceneLighting":true,"audioPlay":false,"sceneViewState":{"showFog":true,"showMaterialUpdate":false,"showSkybox":true,"showFlares":true,"showImageEffects":true,"showParticleSystems":true},"in2DMode":false,"pivot":{"x":0.2527913451194763,"y":4.261740684509277,"z":-10.637510299682618},"rotation":{"x":0.16504789888858796,"y":-0.08952438086271286,"z":0.015045645646750927,"w":0.9821030497550964},"size":4.6816020011901859,"orthographic":true}