{"cameraMode":{"drawMode":0,"name":"Shaded","section":"Shading Mode"},"sceneLighting":false,"audioPlay":false,"sceneViewState":{"showFog":true,"showMaterialUpdate":false,"showSkybox":false,"showFlares":true,"showImageEffects":true,"showParticleSystems":true},"in2DMode":false,"pivot":{"x":-56.88895034790039,"y":-16.731122970581056,"z":18.927095413208009},"rotation":{"x":0.15277960896492005,"y":-0.5129093527793884,"z":0.09333027899265289,"w":0.8395781517028809},"size":48.638336181640628,"orthographic":false}