{"cameraMode":{"drawMode":0,"name":"Shaded","section":"Shading Mode"},"sceneLighting":true,"audioPlay":false,"sceneViewState":{"showFog":true,"showMaterialUpdate":false,"showSkybox":true,"showFlares":true,"showImageEffects":true,"showParticleSystems":true},"in2DMode":false,"pivot":{"x":-38.232460021972659,"y":-51.25873565673828,"z":15.227331161499024},"rotation":{"x":0.37180227041244509,"y":-0.3562074601650238,"z":0.15715548396110536,"w":0.8427359461784363},"size":90.94888305664063,"orthographic":false}