{"cameraMode":{"drawMode":0,"name":"Shaded","section":"Shading Mode"},"sceneLighting":true,"audioPlay":false,"sceneViewState":{"showFog":true,"showMaterialUpdate":false,"showSkybox":true,"showFlares":true,"showImageEffects":true,"showParticleSystems":true},"in2DMode":false,"pivot":{"x":3.011270523071289,"y":3.839545249938965,"z":-6.26875114440918},"rotation":{"x":0.016586260870099069,"y":-0.83284991979599,"z":0.024992505088448526,"w":0.5526972413063049},"size":4.197741985321045,"orthographic":true}