{"cameraMode":{"drawMode":0,"name":"Shaded","section":"Shading Mode"},"sceneLighting":true,"audioPlay":false,"sceneViewState":{"showFog":true,"showMaterialUpdate":false,"showSkybox":true,"showFlares":true,"showImageEffects":true,"showParticleSystems":true},"in2DMode":false,"pivot":{"x":-4.388763427734375,"y":-5.617610931396484,"z":37.63642501831055},"rotation":{"x":0.03760768473148346,"y":-0.696550726890564,"z":0.03659829869866371,"w":0.7156068682670593},"size":105.2528076171875,"orthographic":false}