{"cameraMode":{"drawMode":0,"name":"Shaded","section":"Shading Mode"},"sceneLighting":true,"audioPlay":false,"sceneViewState":{"showFog":true,"showMaterialUpdate":false,"showSkybox":true,"showFlares":true,"showImageEffects":true,"showParticleSystems":true},"in2DMode":false,"pivot":{"x":-6.429605007171631,"y":1.8976092338562012,"z":-2.6415507793426515},"rotation":{"x":0.075531005859375,"y":-0.6786520481109619,"z":0.07049234211444855,"w":0.7271630764007568},"size":6.04189395904541,"orthographic":true}