{"cameraMode":{"drawMode":0,"name":"Shaded","section":"Shading Mode"},"sceneLighting":true,"audioPlay":false,"sceneViewState":{"showFog":true,"showMaterialUpdate":false,"showSkybox":true,"showFlares":true,"showImageEffects":true,"showParticleSystems":true},"in2DMode":false,"pivot":{"x":-126.68243408203125,"y":0.14502599835395814,"z":-351.1498107910156},"rotation":{"x":-0.006592682097107172,"y":0.8444179892539978,"z":-0.010394968092441559,"w":-0.5355433225631714},"size":250.07017517089845,"orthographic":false}