{"cameraMode":{"drawMode":0,"name":"Shaded","section":"Shading Mode"},"sceneLighting":false,"audioPlay":false,"sceneViewState":{"showFog":true,"showMaterialUpdate":false,"showSkybox":true,"showFlares":true,"showImageEffects":true,"showParticleSystems":true},"in2DMode":false,"pivot":{"x":78.51396942138672,"y":-0.013256861828267575,"z":128.9550323486328},"rotation":{"x":-0.08928047120571137,"y":0.8127313256263733,"z":-0.12933222949504853,"w":-0.5610437989234924},"size":589.743896484375,"orthographic":false}