{"cameraMode":{"drawMode":0,"name":"Shaded","section":"Shading Mode"},"sceneLighting":false,"audioPlay":false,"sceneViewState":{"showFog":true,"showMaterialUpdate":false,"showSkybox":true,"showFlares":true,"showImageEffects":true,"showParticleSystems":true},"in2DMode":false,"pivot":{"x":-0.2749888300895691,"y":-0.42516112327575686,"z":-0.5392090678215027},"rotation":{"x":-0.18901444971561433,"y":0.45168420672416689,"z":-0.09854644536972046,"w":-0.8663400411605835},"size":29.059707641601564,"orthographic":false}